rendering_order,tag,attributes,text_context,depth,parent_index,parent_tag,text_length,sibling_index,link,children_count,same_tag_sibling_count,same_text_sibling_count,has_link,link_is_absolute,parent_has_link,is_leaf,word_count,letter_ratio,digit_ratio,whitespace_ratio,contains_date,contains_time,starts_with_digit,ends_with_digit,attribute_count,has_class,has_id,attr_has_word_name,attr_has_word_date,attr_has_word_time,attr_has_word_location,attr_has_word_link,text_has_word_name,text_has_word_date,text_word_time,text_word_description,text_word_location,label,event_id
36,A,class:test button mc-search single-search-;-href:#,search,7,34,Div,6,1,#,0,0,0,True,False,False,True,1,1.0,0.0,0.0,False,False,False,False,2,True,False,False,False,False,False,False,False,False,False,False,False,Other,
41,A,href:login-;-id:mcsimplelogin,member login,5,40,Div,12,0,login,0,0,0,True,False,False,True,2,0.9166667,0.0,0.083333336,False,False,False,False,2,False,True,False,False,False,False,False,False,False,False,False,False,Other,
46,Span,,home,6,45,A,4,0,,0,0,0,False,False,False,True,1,1.0,0.0,0.0,False,False,False,False,0,False,False,False,False,False,False,False,False,False,False,False,False,Other,
49,Span,,about,6,48,Span,5,0,,0,0,0,False,False,False,True,1,1.0,0.0,0.0,False,False,False,False,0,False,False,False,False,False,False,False,False,False,False,False,False,Other,
53,Span,,about neacac,8,52,A,12,0,,0,0,0,False,False,False,True,2,0.9166667,0.0,0.083333336,False,False,False,False,0,False,False,False,False,False,False,False,False,False,False,False,False,Other,
56,Span,,mission statement,8,55,A,17,0,,0,0,0,False,False,False,True,2,0.9411765,0.0,0.05882353,False,False,False,False,0,False,False,False,False,False,False,False,False,False,False,False,False,Other,
59,Span,,strategic framework,8,58,A,19,0,,0,0,0,False,False,False,True,2,0.94736844,0.0,0.05263158,False,False,False,False,0,False,False,False,False,False,False,False,False,False,False,False,False,Other,
62,Span,,contact us,8,61,A,10,0,,0,0,0,False,False,False,True,2,0.9,0.0,0.1,False,False,False,False,0,False,False,False,False,False,False,False,False,False,False,False,False,Other,
65,Span,,job board,8,64,A,9,0,,0,0,0,False,False,False,True,2,0.8888889,0.0,0.11111111,False,False,False,False,0,False,False,False,False,False,False,False,False,False,False,False,False,Other,
68,Span,,governance,6,67,Span,10,0,,0,0,0,False,False,False,True,1,1.0,0.0,0.0,False,False,False,False,0,False,False,False,False,False,False,False,False,False,False,False,False,Other,
72,Span,,executive board,8,71,A,15,0,,0,0,0,False,False,False,True,2,0.93333334,0.0,0.06666667,False,False,False,False,0,False,False,False,False,False,False,False,False,False,False,False,False,Other,
75,Span,,leadership & committee reports,8,74,A,30,0,,0,0,0,False,False,False,True,4,0.8666667,0.0,0.1,False,False,False,False,0,False,False,False,False,False,False,False,False,False,False,False,False,Other,
78,Span,,neacac bylaws and articles of organization,8,77,A,42,0,,0,0,0,False,False,False,True,6,0.88095236,0.0,0.11904762,False,False,False,False,0,False,False,False,False,False,False,False,False,False,False,False,False,Other,
81,Span,,committees,6,80,Span,10,0,,0,0,0,False,False,False,True,1,1.0,0.0,0.0,False,False,False,False,0,False,False,False,False,False,False,False,False,False,False,False,False,Other,
85,Span,,about committees,8,84,A,16,0,,0,0,0,False,False,False,True,2,0.9375,0.0,0.0625,False,False,False,False,0,False,False,False,False,False,False,False,False,False,False,False,False,Other,
88,Span,,admission practices,8,87,A,19,0,,0,0,0,False,False,False,True,2,0.94736844,0.0,0.05263158,False,False,False,False,0,False,False,False,False,False,False,False,False,False,False,False,False,Other,
91,Span,,college fair,8,90,A,12,0,,0,0,0,False,False,False,True,2,0.9166667,0.0,0.083333336,False,False,False,False,0,False,False,False,False,False,False,False,False,False,False,False,False,Other,
94,Span,,annual meeting & conference,8,93,A,27,0,,0,0,0,False,False,False,True,4,0.8518519,0.0,0.11111111,False,False,False,False,0,False,False,False,False,False,False,False,False,False,False,False,False,Other,
97,Span,,articles of organization & by-laws,8,96,A,34,0,,0,0,0,False,False,False,True,5,0.8235294,0.0,0.11764706,False,False,False,False,0,False,False,False,False,False,False,False,False,False,False,False,False,Other,
100,Span,,communication and web services,8,99,A,30,0,,0,0,0,False,False,False,True,4,0.9,0.0,0.1,False,False,False,False,0,False,False,False,False,False,False,False,False,False,False,False,False,Other,
103,Span,,finance,8,102,A,7,0,,0,0,0,False,False,False,True,1,1.0,0.0,0.0,False,False,False,False,0,False,False,False,False,False,False,False,False,False,False,False,False,Other,
106,Span,,foundational institutes,8,105,A,23,0,,0,0,0,False,False,False,True,2,0.95652175,0.0,0.04347826,False,False,False,False,0,False,False,False,False,False,False,False,False,False,False,False,False,Other,
109,Span,,government relations advisory,8,108,A,29,0,,0,0,0,False,False,False,True,3,0.9310345,0.0,0.06896552,False,False,False,False,0,False,False,False,False,False,False,False,False,False,False,False,False,Other,
112,Span,,idea,8,111,A,4,0,,0,0,0,False,False,False,True,1,1.0,0.0,0.0,False,False,False,False,0,False,False,False,False,False,False,False,False,False,False,False,False,Other,
115,Span,,member engagement,8,114,A,17,0,,0,0,0,False,False,False,True,2,0.9411765,0.0,0.05882353,False,False,False,False,0,False,False,False,False,False,False,False,False,False,False,False,False,Other,
118,Span,,nominating,8,117,A,10,0,,0,0,0,False,False,False,True,1,1.0,0.0,0.0,False,False,False,False,0,False,False,False,False,False,False,False,False,False,False,False,False,Other,
121,Span,,professional development,8,120,A,24,0,,0,0,0,False,False,False,True,2,0.9583333,0.0,0.041666668,False,False,False,False,0,False,False,False,False,False,False,False,False,False,False,False,False,Other,
124,Span,,sponsorship,8,123,A,11,0,,0,0,0,False,False,False,True,1,1.0,0.0,0.0,False,False,False,False,0,False,False,False,False,False,False,False,False,False,False,False,False,Other,
127,Span,,two-year colleges,8,126,A,17,0,,0,0,0,False,False,False,True,2,0.88235295,0.0,0.05882353,False,False,False,False,0,False,False,False,False,False,False,False,False,False,False,False,False,Other,
130,Span,,awards & grants,6,129,Span,15,0,,0,0,0,False,False,False,True,3,0.8,0.0,0.13333334,False,False,False,False,0,False,False,False,False,False,False,False,False,False,False,False,False,Other,
134,Span,,award nomination forms,8,133,A,22,0,,0,0,0,False,False,False,True,3,0.90909094,0.0,0.09090909,False,False,False,False,0,False,False,False,False,False,False,False,False,False,False,False,False,Other,
137,Span,,neacac ideal award,8,136,A,18,0,,0,0,0,False,False,False,True,3,0.8888889,0.0,0.11111111,False,False,False,False,0,False,False,False,False,False,False,False,False,False,False,False,False,Other,
140,Span,,professional of the year,8,139,A,24,0,,0,0,0,False,False,False,True,4,0.875,0.0,0.125,False,False,False,False,0,False,False,False,False,False,False,False,False,False,False,False,False,Other,
143,Span,,harry r. carroll award,8,142,A,22,0,,0,0,0,False,False,False,True,4,0.8181818,0.0,0.13636364,False,False,False,False,0,False,False,False,False,False,False,False,False,False,False,False,False,Other,
146,Span,,william s. neal award,8,145,A,21,0,,0,0,0,False,False,False,True,4,0.8095238,0.0,0.14285715,False,False,False,False,0,False,False,False,False,False,False,False,False,False,False,False,False,Other,
149,Span,,neacac rising star award,8,148,A,24,0,,0,0,0,False,False,False,True,4,0.875,0.0,0.125,False,False,False,False,0,False,False,False,False,False,False,False,False,False,False,False,False,Other,
152,Span,,margaret addis memorial scholar program,8,151,A,39,0,,0,0,0,False,False,False,True,5,0.8974359,0.0,0.102564104,False,False,False,False,0,False,False,False,False,False,False,False,False,False,False,False,False,Other,
155,Span,,make a difference fund grant,8,154,A,28,0,,0,0,0,False,False,False,True,5,0.85714287,0.0,0.14285715,False,False,False,False,0,False,False,False,False,False,False,False,False,False,False,False,False,Other,
158,Span,,essay contest information & application,8,157,A,39,0,,0,0,0,False,False,False,True,5,0.8717949,0.0,0.102564104,False,False,False,False,0,False,False,False,False,False,False,False,False,False,False,False,False,Other,
161,Span,,college fairs,6,160,Span,13,0,,0,0,0,False,False,False,True,2,0.9230769,0.0,0.07692308,False,False,False,False,0,False,False,False,False,False,False,False,False,False,False,False,False,Other,
165,Span,,spring college fairs 2026,8,164,A,25,0,,0,0,0,False,False,False,True,4,0.72,0.16,0.12,False,False,False,True,0,False,False,False,False,False,False,False,False,False,False,False,False,Other,
168,Span,,fall college fairs 2025,8,167,A,23,0,,0,0,0,False,False,False,True,4,0.6956522,0.17391305,0.13043478,False,False,False,True,0,False,False,False,False,False,False,False,False,False,False,False,False,Other,
171,Span,,national college fairs,8,170,A,22,0,,0,0,0,False,False,False,True,3,0.90909094,0.0,0.09090909,False,False,False,False,0,False,False,False,False,False,False,False,False,False,False,False,False,Other,
174,Span,,exhibitor guidelines,8,173,A,20,0,,0,0,0,False,False,False,True,2,0.95,0.0,0.05,False,False,False,False,0,False,False,False,False,False,False,False,False,False,False,False,False,Other,
177,Span,,events,6,176,Span,6,0,,0,0,0,False,False,False,True,1,1.0,0.0,0.0,False,False,False,False,0,False,False,False,False,False,False,False,False,False,False,False,False,Other,
181,Span,,advanced counselor roundtable,8,180,A,29,0,,0,0,0,False,False,False,True,3,0.9310345,0.0,0.06896552,False,False,False,False,0,False,False,False,False,False,False,False,False,False,False,False,False,Other,
184,Span,,annual meeting & conference 2026,8,183,A,32,0,,0,0,0,False,False,False,True,5,0.71875,0.125,0.125,False,False,False,True,0,False,False,False,False,False,False,False,False,False,False,False,False,Other,
187,Span,,annual meeting & conference 2025,8,186,A,32,0,,0,0,0,False,False,False,True,5,0.71875,0.125,0.125,False,False,False,True,0,False,False,False,False,False,False,False,False,False,False,False,False,Other,
190,Span,,arc,8,189,A,3,0,,0,0,0,False,False,False,True,1,1.0,0.0,0.0,False,False,False,False,0,False,False,False,False,False,False,False,False,False,False,False,False,Other,
193,Span,,career colloquium,8,192,A,17,0,,0,0,0,False,False,False,True,2,0.9411765,0.0,0.05882353,False,False,False,False,0,False,False,False,False,False,False,False,False,False,False,False,False,Other,
196,Span,,rising leaders program,8,195,A,22,0,,0,0,0,False,False,False,True,3,0.90909094,0.0,0.09090909,False,False,False,False,0,False,False,False,False,False,False,False,False,False,False,False,False,Other,
199,Span,,students in admissions forum,8,198,A,28,0,,0,0,0,False,False,False,True,4,0.89285713,0.0,0.10714286,False,False,False,False,0,False,False,False,False,False,False,False,False,False,False,False,False,Other,
202,Span,,summer institute,8,201,A,16,0,,0,0,0,False,False,False,True,2,0.9375,0.0,0.0625,False,False,False,False,0,False,False,False,False,False,False,False,False,False,False,False,False,Other,
205,Span,,winter institute,8,204,A,16,0,,0,0,0,False,False,False,True,2,0.9375,0.0,0.0625,False,False,False,False,0,False,False,False,False,False,False,False,False,False,False,False,False,Other,
208,Span,,become a host site,8,207,A,18,0,,0,0,0,False,False,False,True,4,0.8333333,0.0,0.16666667,False,False,False,False,0,False,False,False,False,False,False,False,False,False,False,False,False,Other,
211,Span,,volunteer,6,210,Span,9,0,,0,0,0,False,False,False,True,1,1.0,0.0,0.0,False,False,False,False,0,False,False,False,False,False,False,False,False,False,False,False,False,Other,
215,Span,,how to volunteer,8,214,A,16,0,,0,0,0,False,False,False,True,3,0.875,0.0,0.125,False,False,False,False,0,False,False,False,False,False,False,False,False,False,False,False,False,Other,
218,Span,,mentorship program,8,217,A,18,0,,0,0,0,False,False,False,True,2,0.9444444,0.0,0.055555556,False,False,False,False,0,False,False,False,False,False,False,False,False,False,False,False,False,Other,
221,Span,,resources,6,220,Span,9,0,,0,0,0,False,False,False,True,1,1.0,0.0,0.0,False,False,False,False,0,False,False,False,False,False,False,False,False,False,False,False,False,Other,
225,Span,,"professional development, outside new england",8,224,A,45,0,,0,0,0,False,False,False,True,5,0.8888889,0.0,0.08888889,False,False,False,False,0,False,False,False,False,False,False,False,False,False,False,False,False,Other,
228,Span,,newsletter archive,8,227,A,18,0,,0,0,0,False,False,False,True,2,0.9444444,0.0,0.055555556,False,False,False,False,0,False,False,False,False,False,False,False,False,False,False,False,False,Other,
231,Span,,links,8,230,A,5,0,,0,0,0,False,False,False,True,1,1.0,0.0,0.0,False,False,False,False,0,False,False,False,False,False,False,False,False,False,False,False,False,Other,
246,A,class:test button mc-search single-search-;-href:#,search,10,244,Div,6,1,#,0,0,0,True,False,False,True,1,1.0,0.0,0.0,False,False,False,False,2,True,False,False,False,False,False,False,False,False,False,False,False,Other,
251,A,href:login-;-id:mcsimplelogin,member login,8,250,Div,12,0,login,0,0,0,True,False,False,True,2,0.9166667,0.0,0.083333336,False,False,False,False,2,False,True,False,False,False,False,False,False,False,False,False,False,Other,
260,Span,,home,10,259,A,4,0,,0,0,0,False,False,False,True,1,1.0,0.0,0.0,False,False,False,False,0,False,False,False,False,False,False,False,False,False,False,False,False,Other,
263,Span,,about,10,262,Span,5,0,,0,0,0,False,False,False,True,1,1.0,0.0,0.0,False,False,False,False,0,False,False,False,False,False,False,False,False,False,False,False,False,Other,
267,Span,,about neacac,12,266,A,12,0,,0,0,0,False,False,False,True,2,0.9166667,0.0,0.083333336,False,False,False,False,0,False,False,False,False,False,False,False,False,False,False,False,False,Other,
270,Span,,mission statement,12,269,A,17,0,,0,0,0,False,False,False,True,2,0.9411765,0.0,0.05882353,False,False,False,False,0,False,False,False,False,False,False,False,False,False,False,False,False,Other,
273,Span,,strategic framework,12,272,A,19,0,,0,0,0,False,False,False,True,2,0.94736844,0.0,0.05263158,False,False,False,False,0,False,False,False,False,False,False,False,False,False,False,False,False,Other,
276,Span,,contact us,12,275,A,10,0,,0,0,0,False,False,False,True,2,0.9,0.0,0.1,False,False,False,False,0,False,False,False,False,False,False,False,False,False,False,False,False,Other,
279,Span,,job board,12,278,A,9,0,,0,0,0,False,False,False,True,2,0.8888889,0.0,0.11111111,False,False,False,False,0,False,False,False,False,False,False,False,False,False,False,False,False,Other,
282,Span,,governance,10,281,Span,10,0,,0,0,0,False,False,False,True,1,1.0,0.0,0.0,False,False,False,False,0,False,False,False,False,False,False,False,False,False,False,False,False,Other,
286,Span,,executive board,12,285,A,15,0,,0,0,0,False,False,False,True,2,0.93333334,0.0,0.06666667,False,False,False,False,0,False,False,False,False,False,False,False,False,False,False,False,False,Other,
289,Span,,leadership & committee reports,12,288,A,30,0,,0,0,0,False,False,False,True,4,0.8666667,0.0,0.1,False,False,False,False,0,False,False,False,False,False,False,False,False,False,False,False,False,Other,
292,Span,,neacac bylaws and articles of organization,12,291,A,42,0,,0,0,0,False,False,False,True,6,0.88095236,0.0,0.11904762,False,False,False,False,0,False,False,False,False,False,False,False,False,False,False,False,False,Other,
295,Span,,committees,10,294,Span,10,0,,0,0,0,False,False,False,True,1,1.0,0.0,0.0,False,False,False,False,0,False,False,False,False,False,False,False,False,False,False,False,False,Other,
299,Span,,about committees,12,298,A,16,0,,0,0,0,False,False,False,True,2,0.9375,0.0,0.0625,False,False,False,False,0,False,False,False,False,False,False,False,False,False,False,False,False,Other,
302,Span,,admission practices,12,301,A,19,0,,0,0,0,False,False,False,True,2,0.94736844,0.0,0.05263158,False,False,False,False,0,False,False,False,False,False,False,False,False,False,False,False,False,Other,
305,Span,,college fair,12,304,A,12,0,,0,0,0,False,False,False,True,2,0.9166667,0.0,0.083333336,False,False,False,False,0,False,False,False,False,False,False,False,False,False,False,False,False,Other,
308,Span,,annual meeting & conference,12,307,A,27,0,,0,0,0,False,False,False,True,4,0.8518519,0.0,0.11111111,False,False,False,False,0,False,False,False,False,False,False,False,False,False,False,False,False,Other,
311,Span,,articles of organization & by-laws,12,310,A,34,0,,0,0,0,False,False,False,True,5,0.8235294,0.0,0.11764706,False,False,False,False,0,False,False,False,False,False,False,False,False,False,False,False,False,Other,
314,Span,,communication and web services,12,313,A,30,0,,0,0,0,False,False,False,True,4,0.9,0.0,0.1,False,False,False,False,0,False,False,False,False,False,False,False,False,False,False,False,False,Other,
317,Span,,finance,12,316,A,7,0,,0,0,0,False,False,False,True,1,1.0,0.0,0.0,False,False,False,False,0,False,False,False,False,False,False,False,False,False,False,False,False,Other,
320,Span,,foundational institutes,12,319,A,23,0,,0,0,0,False,False,False,True,2,0.95652175,0.0,0.04347826,False,False,False,False,0,False,False,False,False,False,False,False,False,False,False,False,False,Other,
323,Span,,government relations advisory,12,322,A,29,0,,0,0,0,False,False,False,True,3,0.9310345,0.0,0.06896552,False,False,False,False,0,False,False,False,False,False,False,False,False,False,False,False,False,Other,
326,Span,,idea,12,325,A,4,0,,0,0,0,False,False,False,True,1,1.0,0.0,0.0,False,False,False,False,0,False,False,False,False,False,False,False,False,False,False,False,False,Other,
329,Span,,member engagement,12,328,A,17,0,,0,0,0,False,False,False,True,2,0.9411765,0.0,0.05882353,False,False,False,False,0,False,False,False,False,False,False,False,False,False,False,False,False,Other,
332,Span,,nominating,12,331,A,10,0,,0,0,0,False,False,False,True,1,1.0,0.0,0.0,False,False,False,False,0,False,False,False,False,False,False,False,False,False,False,False,False,Other,
335,Span,,professional development,12,334,A,24,0,,0,0,0,False,False,False,True,2,0.9583333,0.0,0.041666668,False,False,False,False,0,False,False,False,False,False,False,False,False,False,False,False,False,Other,
338,Span,,sponsorship,12,337,A,11,0,,0,0,0,False,False,False,True,1,1.0,0.0,0.0,False,False,False,False,0,False,False,False,False,False,False,False,False,False,False,False,False,Other,
341,Span,,two-year colleges,12,340,A,17,0,,0,0,0,False,False,False,True,2,0.88235295,0.0,0.05882353,False,False,False,False,0,False,False,False,False,False,False,False,False,False,False,False,False,Other,
344,Span,,awards & grants,10,343,Span,15,0,,0,0,0,False,False,False,True,3,0.8,0.0,0.13333334,False,False,False,False,0,False,False,False,False,False,False,False,False,False,False,False,False,Other,
348,Span,,award nomination forms,12,347,A,22,0,,0,0,0,False,False,False,True,3,0.90909094,0.0,0.09090909,False,False,False,False,0,False,False,False,False,False,False,False,False,False,False,False,False,Other,
351,Span,,neacac ideal award,12,350,A,18,0,,0,0,0,False,False,False,True,3,0.8888889,0.0,0.11111111,False,False,False,False,0,False,False,False,False,False,False,False,False,False,False,False,False,Other,
354,Span,,professional of the year,12,353,A,24,0,,0,0,0,False,False,False,True,4,0.875,0.0,0.125,False,False,False,False,0,False,False,False,False,False,False,False,False,False,False,False,False,Other,
357,Span,,harry r. carroll award,12,356,A,22,0,,0,0,0,False,False,False,True,4,0.8181818,0.0,0.13636364,False,False,False,False,0,False,False,False,False,False,False,False,False,False,False,False,False,Other,
360,Span,,william s. neal award,12,359,A,21,0,,0,0,0,False,False,False,True,4,0.8095238,0.0,0.14285715,False,False,False,False,0,False,False,False,False,False,False,False,False,False,False,False,False,Other,
363,Span,,neacac rising star award,12,362,A,24,0,,0,0,0,False,False,False,True,4,0.875,0.0,0.125,False,False,False,False,0,False,False,False,False,False,False,False,False,False,False,False,False,Other,
366,Span,,margaret addis memorial scholar program,12,365,A,39,0,,0,0,0,False,False,False,True,5,0.8974359,0.0,0.102564104,False,False,False,False,0,False,False,False,False,False,False,False,False,False,False,False,False,Other,
369,Span,,make a difference fund grant,12,368,A,28,0,,0,0,0,False,False,False,True,5,0.85714287,0.0,0.14285715,False,False,False,False,0,False,False,False,False,False,False,False,False,False,False,False,False,Other,
372,Span,,essay contest information & application,12,371,A,39,0,,0,0,0,False,False,False,True,5,0.8717949,0.0,0.102564104,False,False,False,False,0,False,False,False,False,False,False,False,False,False,False,False,False,Other,
375,Span,,college fairs,10,374,Span,13,0,,0,0,0,False,False,False,True,2,0.9230769,0.0,0.07692308,False,False,False,False,0,False,False,False,False,False,False,False,False,False,False,False,False,Other,
379,Span,,spring college fairs 2026,12,378,A,25,0,,0,0,0,False,False,False,True,4,0.72,0.16,0.12,False,False,False,True,0,False,False,False,False,False,False,False,False,False,False,False,False,Other,
382,Span,,fall college fairs 2025,12,381,A,23,0,,0,0,0,False,False,False,True,4,0.6956522,0.17391305,0.13043478,False,False,False,True,0,False,False,False,False,False,False,False,False,False,False,False,False,Other,
385,Span,,national college fairs,12,384,A,22,0,,0,0,0,False,False,False,True,3,0.90909094,0.0,0.09090909,False,False,False,False,0,False,False,False,False,False,False,False,False,False,False,False,False,Other,
388,Span,,exhibitor guidelines,12,387,A,20,0,,0,0,0,False,False,False,True,2,0.95,0.0,0.05,False,False,False,False,0,False,False,False,False,False,False,False,False,False,False,False,False,Other,
391,Span,,events,10,390,Span,6,0,,0,0,0,False,False,False,True,1,1.0,0.0,0.0,False,False,False,False,0,False,False,False,False,False,False,False,False,False,False,False,False,Other,
395,Span,,advanced counselor roundtable,12,394,A,29,0,,0,0,0,False,False,False,True,3,0.9310345,0.0,0.06896552,False,False,False,False,0,False,False,False,False,False,False,False,False,False,False,False,False,Other,
398,Span,,annual meeting & conference 2026,12,397,A,32,0,,0,0,0,False,False,False,True,5,0.71875,0.125,0.125,False,False,False,True,0,False,False,False,False,False,False,False,False,False,False,False,False,Other,
401,Span,,annual meeting & conference 2025,12,400,A,32,0,,0,0,0,False,False,False,True,5,0.71875,0.125,0.125,False,False,False,True,0,False,False,False,False,False,False,False,False,False,False,False,False,Other,
404,Span,,arc,12,403,A,3,0,,0,0,0,False,False,False,True,1,1.0,0.0,0.0,False,False,False,False,0,False,False,False,False,False,False,False,False,False,False,False,False,Other,
407,Span,,career colloquium,12,406,A,17,0,,0,0,0,False,False,False,True,2,0.9411765,0.0,0.05882353,False,False,False,False,0,False,False,False,False,False,False,False,False,False,False,False,False,Other,
410,Span,,rising leaders program,12,409,A,22,0,,0,0,0,False,False,False,True,3,0.90909094,0.0,0.09090909,False,False,False,False,0,False,False,False,False,False,False,False,False,False,False,False,False,Other,
413,Span,,students in admissions forum,12,412,A,28,0,,0,0,0,False,False,False,True,4,0.89285713,0.0,0.10714286,False,False,False,False,0,False,False,False,False,False,False,False,False,False,False,False,False,Other,
416,Span,,summer institute,12,415,A,16,0,,0,0,0,False,False,False,True,2,0.9375,0.0,0.0625,False,False,False,False,0,False,False,False,False,False,False,False,False,False,False,False,False,Other,
419,Span,,winter institute,12,418,A,16,0,,0,0,0,False,False,False,True,2,0.9375,0.0,0.0625,False,False,False,False,0,False,False,False,False,False,False,False,False,False,False,False,False,Other,
422,Span,,become a host site,12,421,A,18,0,,0,0,0,False,False,False,True,4,0.8333333,0.0,0.16666667,False,False,False,False,0,False,False,False,False,False,False,False,False,False,False,False,False,Other,
425,Span,,volunteer,10,424,Span,9,0,,0,0,0,False,False,False,True,1,1.0,0.0,0.0,False,False,False,False,0,False,False,False,False,False,False,False,False,False,False,False,False,Other,
429,Span,,how to volunteer,12,428,A,16,0,,0,0,0,False,False,False,True,3,0.875,0.0,0.125,False,False,False,False,0,False,False,False,False,False,False,False,False,False,False,False,False,Other,
432,Span,,mentorship program,12,431,A,18,0,,0,0,0,False,False,False,True,2,0.9444444,0.0,0.055555556,False,False,False,False,0,False,False,False,False,False,False,False,False,False,False,False,False,Other,
435,Span,,resources,10,434,Span,9,0,,0,0,0,False,False,False,True,1,1.0,0.0,0.0,False,False,False,False,0,False,False,False,False,False,False,False,False,False,False,False,False,Other,
439,Span,,"professional development, outside new england",12,438,A,45,0,,0,0,0,False,False,False,True,5,0.8888889,0.0,0.08888889,False,False,False,False,0,False,False,False,False,False,False,False,False,False,False,False,False,Other,
442,Span,,newsletter archive,12,441,A,18,0,,0,0,0,False,False,False,True,2,0.9444444,0.0,0.055555556,False,False,False,False,0,False,False,False,False,False,False,False,False,False,False,False,False,Other,
445,Span,,links,12,444,A,5,0,,0,0,0,False,False,False,True,1,1.0,0.0,0.0,False,False,False,False,0,False,False,False,False,False,False,False,False,False,False,False,False,Other,
456,H1,,2025 neacac fall college fairs,13,455,Div,30,0,,0,1,0,False,False,False,True,5,0.73333335,0.13333334,0.13333334,False,False,True,False,0,False,False,False,False,False,False,False,False,False,False,False,False,Other,
457,H2,,exhibitor registration is closed,13,455,Div,32,1,,0,0,0,False,False,False,True,4,0.90625,0.0,0.09375,False,False,False,False,0,False,False,False,False,False,False,False,False,False,False,False,False,Other,
459,Em,,registration for college and university representatives closes 1 week before the fair date.,14,458,H3,91,0,,1,0,0,False,False,False,False,13,0.84615386,0.010989011,0.13186814,False,False,False,False,0,False,False,False,False,False,False,False,False,True,False,False,False,Other,
463,Unknown,,exhibitor registration fees:,15,462,Em,28,0,,0,0,0,False,False,False,True,3,0.89285713,0.0,0.071428575,False,False,False,False,0,False,False,False,False,False,False,False,False,False,False,False,False,Other,
465,Span,,"inside new england - $160,",15,462,Em,26,2,,0,1,0,False,False,False,True,5,0.61538464,0.115384616,0.15384616,False,False,False,False,0,False,False,False,False,False,False,False,False,False,False,False,False,Other,
466,Em,,early bird rate - $135,15,462,Em,22,3,,0,1,0,False,False,False,True,5,0.59090906,0.13636364,0.18181819,False,False,False,True,0,False,False,False,False,False,False,False,False,False,False,False,False,Other,
468,Span,,"outside new england - $185,",15,462,Em,27,5,,0,1,0,False,False,False,True,5,0.6296296,0.11111111,0.14814815,False,False,False,False,0,False,False,False,False,False,False,False,False,False,False,False,False,Other,
469,Em,,"early bird rate - $160 early bird rate ends friday, august 22nd",15,462,Em,63,6,,1,1,0,False,False,False,False,12,0.6984127,0.07936508,0.17460318,True,False,False,False,0,False,False,False,False,False,False,False,False,False,False,False,False,Other,
472,Span,,neacac is pleased to announce we have partnered with,14,471,P,52,0,,0,1,0,False,False,False,True,9,0.84615386,0.0,0.15384616,False,False,False,False,0,False,False,False,False,False,False,False,False,False,False,False,False,Other,
473,A,href:http://www.strivescan.com,strivescan,14,471,P,10,1,http://www.strivescan.com,0,0,0,True,True,False,True,1,1.0,0.0,0.0,False,False,False,False,1,False,False,False,False,False,False,False,False,False,False,False,False,Other,
474,Span,,"to bring student barcode scanning technology to our college fairs. strivescan will enhance the experience for students and colleges by making information exchange more efficient and productive, while also providing valuable data to our organization and the fair organizers.",14,471,P,273,2,,0,1,0,False,False,False,True,39,0.84981686,0.0,0.13919415,False,False,False,False,0,False,False,False,False,False,False,False,False,False,False,False,False,Other,
476,Span,id:docs-internal-guid-bce95ce9-7fff-61b1-edda-806a46c2f057,"college reps use the strivescan app to scan students' barcodes. reps can instantly view the student's information and take notes right in the app. after the fair, reps export the student data with one click to a csv excel file, or can them directly to their crm.",14,475,P,262,0,,2,0,0,False,False,False,False,47,0.79770994,0.0,0.17557251,False,False,False,False,1,False,True,False,False,False,False,False,False,False,False,False,False,Other,
477,A,href:http://www.strivescan.com/sftp,automatically upload,15,476,Span,20,0,http://www.strivescan.com/sftp,0,0,0,True,True,False,True,2,0.95,0.0,0.05,False,False,False,False,1,False,False,False,False,False,False,False,False,False,False,False,False,Other,
478,Unknown,,scanning is included in neacac fair registration fees and is provided at no additional cost to attending institutions.,15,476,Span,118,1,,0,0,0,False,False,False,True,18,0.84745765,0.0,0.1440678,False,False,False,False,0,False,False,False,False,False,False,False,False,False,False,False,False,Other,
484,Em,,"secondary schools and parents, please view our",18,483,Unknown,46,0,,0,0,0,False,False,False,True,7,0.84782606,0.0,0.13043478,False,False,False,False,0,False,False,False,False,False,False,False,False,False,False,False,False,Other,
487,Em,,high school resource page,19,486,A,25,0,,0,0,0,False,False,False,True,4,0.88,0.0,0.12,False,False,False,False,0,False,False,False,False,False,False,False,False,False,False,False,False,Other,
488,Em,,.,18,485,Unknown,1,1,,0,0,0,False,False,False,True,1,0.0,0.0,0.0,False,False,False,False,0,False,False,False,False,False,False,False,False,False,False,False,False,Other,
494,Em,,we hope you can join us!,18,493,Unknown,24,0,,0,0,0,False,False,False,True,6,0.75,0.0,0.20833333,False,False,False,False,0,False,False,False,False,False,False,False,False,False,False,False,False,Other,
496,H1,,2025 neacac fall college fair schedule,13,455,Div,38,9,,1,1,0,False,False,False,False,6,0.7631579,0.10526316,0.13157895,False,False,True,False,0,False,False,False,False,False,False,False,False,False,False,False,False,Other,
505,Unknown,,institution,20,504,Span,11,0,,0,0,0,False,False,False,True,1,1.0,0.0,0.0,False,False,False,False,0,False,False,False,False,False,False,False,False,False,False,False,False,Other,
508,Unknown,,date,20,507,Span,4,0,,0,0,0,False,False,False,True,1,1.0,0.0,0.0,False,False,False,False,0,False,False,False,False,False,False,False,False,True,False,False,False,Other,
511,Unknown,,start time,20,510,Span,10,0,,0,0,0,False,False,False,True,2,0.9,0.0,0.1,False,False,False,False,0,False,False,False,False,False,False,False,False,False,True,False,False,Other,
514,Unknown,,end time,20,513,Span,8,0,,0,0,0,False,False,False,True,2,0.875,0.0,0.125,False,False,False,False,0,False,False,False,False,False,False,False,False,False,True,False,False,Other,
517,Unknown,,location,20,516,Span,8,0,,0,0,0,False,False,False,True,1,1.0,0.0,0.0,False,False,False,False,0,False,False,False,False,False,False,False,False,False,False,False,True,Other,
520,Unknown,,"city, state",20,519,Span,11,0,,0,0,0,False,False,False,True,2,0.8181818,0.0,0.09090909,False,False,False,False,0,False,False,False,False,False,False,False,False,False,False,False,False,Other,
523,Unknown,,colleges attending,20,522,Span,18,0,,0,0,0,False,False,False,True,2,0.9444444,0.0,0.055555556,False,False,False,False,0,False,False,False,False,False,False,False,False,False,False,False,False,Other,
527,Span,,southern new hampshire university,20,526,Span,33,0,,0,0,0,False,False,False,True,4,0.90909094,0.0,0.09090909,False,False,False,False,0,False,False,False,False,False,False,False,False,False,False,False,False,Name,1.0
528,Td,,"tuesday, september 16th",18,524,Tr,23,1,,0,0,0,False,False,False,True,3,0.7826087,0.08695652,0.08695652,True,False,False,False,0,False,False,False,False,False,False,False,False,False,False,False,False,Date,1.0
530,Span,,9am,19,529,Td,3,0,,0,0,0,False,False,False,True,1,0.6666667,0.33333334,0.0,False,True,True,False,0,False,False,False,False,False,False,False,False,False,False,False,False,StartTime,1.0
532,Span,,11am,19,531,Td,4,0,,0,0,0,False,False,False,True,1,0.5,0.5,0.0,False,True,True,False,0,False,False,False,False,False,False,False,False,False,False,False,False,EndTime,1.0
535,Span,,athletic complex,20,534,Span,16,0,,0,0,0,False,False,False,True,2,0.9375,0.0,0.0625,False,False,False,False,0,False,False,False,False,False,False,False,False,False,False,False,False,Location,1.0
538,Span,,"manchester, nh",20,537,Span,14,0,,0,0,0,False,False,False,True,2,0.85714287,0.0,0.071428575,False,False,False,False,0,False,False,False,False,False,False,False,False,False,False,False,False,Location,1.0
540,A,href:https://docs.google.com/document/d/1ejvroohv6molwu1reg2itt907kd0yn2sylumwvp4ch0/edit?usp=sharing,click here,19,539,Td,10,0,https://docs.google.com/document/d/1ejvroohv6molwu1reg2itt907kd0yn2sylumwvp4ch0/edit?usp=sharing,0,0,0,True,True,False,True,2,0.9,0.0,0.1,False,False,False,False,1,False,False,False,False,False,False,False,False,False,False,False,False,Other,
543,Span,,university of new england,19,542,Td,25,0,,0,0,0,False,False,False,True,4,0.88,0.0,0.12,False,False,False,False,0,False,False,False,False,False,False,False,False,False,False,False,False,Name,2.0
544,Td,,"wednesday, september 17th",18,541,Tr,25,1,,0,0,0,False,False,False,True,3,0.8,0.08,0.08,True,False,False,False,0,False,False,False,False,False,False,False,False,False,False,False,False,Date,2.0
546,Span,,9am,19,545,Td,3,0,,0,0,0,False,False,False,True,1,0.6666667,0.33333334,0.0,False,True,True,False,0,False,False,False,False,False,False,False,False,False,False,False,False,StartTime,2.0
548,Span,,11am,19,547,Td,4,0,,0,0,0,False,False,False,True,1,0.5,0.5,0.0,False,True,True,False,0,False,False,False,False,False,False,False,False,False,False,False,False,EndTime,2.0
551,Span,,harold alfond forum,20,550,Span,19,0,,0,0,0,False,False,False,True,3,0.8947368,0.0,0.10526316,False,False,False,False,0,False,False,False,False,False,False,False,False,False,False,False,False,Location,2.0
553,Span,,"biddeford, me",19,552,Td,13,0,,0,0,0,False,False,False,True,2,0.84615386,0.0,0.07692308,False,False,False,False,0,False,False,False,False,False,False,False,False,False,False,False,False,Location,2.0
556,Span,,click here,20,555,A,10,0,,0,0,0,False,False,False,True,2,0.9,0.0,0.1,False,False,False,False,0,False,False,False,False,False,False,False,False,False,False,False,False,Other,
559,Span,,university of maine orono,19,558,Td,25,0,,0,0,0,False,False,False,True,4,0.88,0.0,0.12,False,False,False,False,0,False,False,False,False,False,False,False,False,False,False,False,False,Name,3.0
560,Td,,"thursday, september 18th",18,557,Tr,24,1,,0,1,0,False,False,False,True,3,0.7916667,0.083333336,0.083333336,True,False,False,False,0,False,False,False,False,False,False,False,False,False,False,False,False,Date,3.0
562,Span,,9am,19,561,Td,3,0,,0,0,0,False,False,False,True,1,0.6666667,0.33333334,0.0,False,True,True,False,0,False,False,False,False,False,False,False,False,False,False,False,False,StartTime,3.0
564,Span,,11am,19,563,Td,4,0,,0,0,0,False,False,False,True,1,0.5,0.5,0.0,False,True,True,False,0,False,False,False,False,False,False,False,False,False,False,False,False,EndTime,3.0
565,Td,,new balance recreation center,18,557,Tr,29,4,,0,1,0,False,False,False,True,4,0.8965517,0.0,0.10344828,False,False,False,False,0,False,False,False,False,False,False,False,False,False,False,False,False,Location,3.0
567,Span,,"orono, me",19,566,Td,9,0,,0,0,0,False,False,False,True,2,0.7777778,0.0,0.11111111,False,False,False,False,0,False,False,False,False,False,False,False,False,False,False,False,False,Location,3.0
570,Span,,click here,20,569,A,10,0,,0,0,0,False,False,False,True,2,0.9,0.0,0.1,False,False,False,False,0,False,False,False,False,False,False,False,False,False,False,False,False,Other,
573,Span,,western new england university,19,572,Td,30,0,,0,0,0,False,False,False,True,4,0.9,0.0,0.1,False,False,False,False,0,False,False,False,False,False,False,False,False,False,False,False,False,Name,4.0
574,Td,,"sunday, september 21st",18,571,Tr,22,1,,0,0,0,False,False,False,True,3,0.77272725,0.09090909,0.09090909,True,False,False,False,0,False,False,False,False,False,False,False,False,False,False,False,False,Date,4.0
576,Span,,12pm,19,575,Td,4,0,,0,0,0,False,False,False,True,1,0.5,0.5,0.0,False,True,True,False,0,False,False,False,False,False,False,False,False,False,False,False,False,StartTime,4.0
578,Span,,2pm,19,577,Td,3,0,,0,0,0,False,False,False,True,1,0.6666667,0.33333334,0.0,False,True,True,False,0,False,False,False,False,False,False,False,False,False,False,False,False,EndTime,4.0
581,Span,,alumni healthful living center,20,580,Span,30,0,,0,0,0,False,False,False,True,4,0.9,0.0,0.1,False,False,False,False,0,False,False,False,False,False,False,False,False,False,False,False,False,Location,4.0
583,Span,,"springfield, ma",19,582,Td,15,0,,0,0,0,False,False,False,True,2,0.8666667,0.0,0.06666667,False,False,False,False,0,False,False,False,False,False,False,False,False,False,False,False,False,Location,4.0
586,Span,,click here,20,585,A,10,0,,0,0,0,False,False,False,True,2,0.9,0.0,0.1,False,False,False,False,0,False,False,False,False,False,False,False,False,False,False,False,False,Other,
591,Span,,mount wachusett community college,19,590,Td,33,0,,0,0,0,False,False,False,True,4,0.90909094,0.0,0.09090909,False,False,False,False,0,False,False,False,False,False,False,False,False,False,False,False,False,Name,5.0
593,P,,"thursday, september 25th",19,592,Td,24,0,,0,0,0,False,False,False,True,3,0.7916667,0.083333336,0.083333336,True,False,False,False,0,False,False,False,False,False,False,False,False,False,False,False,False,Date,5.0
596,Span,,9am,20,595,P,3,0,,0,0,0,False,False,False,True,1,0.6666667,0.33333334,0.0,False,True,True,False,0,False,False,False,False,False,False,False,False,False,False,False,False,StartTime,5.0
599,Span,,11am,20,598,P,4,0,,0,0,0,False,False,False,True,1,0.5,0.5,0.0,False,True,True,False,0,False,False,False,False,False,False,False,False,False,False,False,False,EndTime,5.0
602,Span,,vietnam veteran memorial fitness center,20,601,Span,39,0,,0,0,0,False,False,False,True,5,0.8974359,0.0,0.102564104,False,False,False,False,0,False,False,False,False,False,False,False,False,False,False,False,False,Location,5.0
604,Span,,"gardner, ma",19,603,Td,11,0,,0,0,0,False,False,False,True,2,0.8181818,0.0,0.09090909,False,False,False,False,0,False,False,False,False,False,False,False,False,False,False,False,False,Location,5.0
607,Span,,click here,20,606,A,10,0,,0,0,0,False,False,False,True,2,0.9,0.0,0.1,False,False,False,False,0,False,False,False,False,False,False,False,False,False,False,False,False,Other,
612,Span,,worcester state university,19,611,Td,26,0,,0,0,0,False,False,False,True,3,0.9230769,0.0,0.07692308,False,False,False,False,0,False,False,False,False,False,False,False,False,False,False,False,False,Name,6.0
614,P,,"sunday, september 28th",19,613,Td,22,0,,0,0,0,False,False,False,True,3,0.77272725,0.09090909,0.09090909,True,False,False,False,0,False,False,False,False,False,False,False,False,False,False,False,False,Date,6.0
617,Span,,11am,20,616,P,4,0,,0,0,0,False,False,False,True,1,0.5,0.5,0.0,False,True,True,False,0,False,False,False,False,False,False,False,False,False,False,False,False,StartTime,6.0
620,Span,,1pm,20,619,P,3,0,,0,0,0,False,False,False,True,1,0.6666667,0.33333334,0.0,False,True,True,False,0,False,False,False,False,False,False,False,False,False,False,False,False,EndTime,6.0
621,Td,,"wellness center, competition gymnasium",18,610,Tr,38,4,,0,0,0,False,False,False,True,4,0.8947368,0.0,0.078947365,False,False,False,False,0,False,False,False,False,False,False,False,False,False,False,False,False,Location,6.0
623,Span,,"worcester, ma",19,622,Td,13,0,,0,0,0,False,False,False,True,2,0.84615386,0.0,0.07692308,False,False,False,False,0,False,False,False,False,False,False,False,False,False,False,False,False,Location,6.0
626,Span,,click here,20,625,A,10,0,,0,0,0,False,False,False,True,2,0.9,0.0,0.1,False,False,False,False,0,False,False,False,False,False,False,False,False,False,False,False,False,Other,
629,Span,,saint michael's college,19,628,Td,23,0,,0,0,0,False,False,False,True,3,0.8695652,0.0,0.08695652,False,False,False,False,0,False,False,False,False,False,False,False,False,False,False,False,False,Name,7.0
631,P,,"wednesday, october 8th",19,630,Td,22,0,,0,0,0,False,False,False,True,3,0.8181818,0.045454547,0.09090909,True,False,False,False,0,False,False,False,False,False,False,False,False,False,False,False,False,Date,7.0
635,Span,,9am,21,634,Span,3,0,,0,2,0,False,False,False,True,1,0.6666667,0.33333334,0.0,False,True,True,False,0,False,False,False,False,False,False,False,False,False,False,False,False,StartTime,7.0
637,Span,,&,21,634,Span,1,2,,0,2,0,False,False,False,True,1,0.0,0.0,0.0,False,False,False,False,0,False,False,False,False,False,False,False,False,False,False,False,False,Other,7.0
639,Span,,6pm,21,634,Span,3,4,,0,2,0,False,False,False,True,1,0.6666667,0.33333334,0.0,False,True,True,False,0,False,False,False,False,False,False,False,False,False,False,False,False,StartTime,7.0
643,Span,,12pm,21,642,Span,4,0,,0,2,0,False,False,False,True,1,0.5,0.5,0.0,False,True,True,False,0,False,False,False,False,False,False,False,False,False,False,False,False,EndTime,7.0
645,Span,,&,21,642,Span,1,2,,0,2,0,False,False,False,True,1,0.0,0.0,0.0,False,False,False,False,0,False,False,False,False,False,False,False,False,False,False,False,False,Other,
647,Span,,8pm,21,642,Span,3,4,,0,2,0,False,False,False,True,1,0.6666667,0.33333334,0.0,False,True,True,False,0,False,False,False,False,False,False,False,False,False,False,False,False,EndTime,7.0
648,Td,,tarrant recreation center,18,627,Tr,25,4,,0,0,0,False,False,False,True,3,0.92,0.0,0.08,False,False,False,False,0,False,False,False,False,False,False,False,False,False,False,False,False,Location,7.0
650,Span,,"colchester, vt",19,649,Td,14,0,,0,0,0,False,False,False,True,2,0.85714287,0.0,0.071428575,False,False,False,False,0,False,False,False,False,False,False,False,False,False,False,False,False,Location,7.0
653,Span,,click here,20,652,A,10,0,,0,0,0,False,False,False,True,2,0.9,0.0,0.1,False,False,False,False,0,False,False,False,False,False,False,False,False,False,False,False,False,Other,
656,Span,,university of new haven,19,655,Td,23,0,,0,0,0,False,False,False,True,4,0.8695652,0.0,0.13043478,False,False,False,False,0,False,False,False,False,False,False,False,False,False,False,False,False,Name,8.0
658,P,,"thursday, october 9th",19,657,Td,21,0,,0,0,0,False,False,False,True,3,0.8095238,0.04761905,0.0952381,True,False,False,False,0,False,False,False,False,False,False,False,False,False,False,False,False,Date,8.0
661,Span,,9am,20,660,P,3,0,,0,0,0,False,False,False,True,1,0.6666667,0.33333334,0.0,False,True,True,False,0,False,False,False,False,False,False,False,False,False,False,False,False,StartTime,8.0
664,Span,,11am,20,663,P,4,0,,0,0,0,False,False,False,True,1,0.5,0.5,0.0,False,True,True,False,0,False,False,False,False,False,False,False,False,False,False,False,False,EndTime,8.0
665,Td,,"jeffery p. hazell gymnasium, north campus",18,654,Tr,41,4,,0,0,0,False,False,False,True,6,0.8292683,0.0,0.12195122,False,False,False,False,0,False,False,False,False,False,False,False,False,False,False,False,False,Location,8.0
667,Span,,"west haven, ct",19,666,Td,14,0,,0,0,0,False,False,False,True,3,0.78571427,0.0,0.14285715,False,False,False,False,0,False,False,False,False,False,False,False,False,False,False,False,False,Location,8.0
670,Span,,click here,20,669,A,10,0,,0,0,0,False,False,False,True,2,0.9,0.0,0.1,False,False,False,False,0,False,False,False,False,False,False,False,False,False,False,False,False,Other,
675,Span,,salem state university,19,674,Td,22,0,,0,0,0,False,False,False,True,3,0.90909094,0.0,0.09090909,False,False,False,False,0,False,False,False,False,False,False,False,False,False,False,False,False,Name,9.0
677,P,,"tuesday, october 14th",19,676,Td,21,0,,0,0,0,False,False,False,True,3,0.7619048,0.0952381,0.0952381,True,False,False,False,0,False,False,False,False,False,False,False,False,False,False,False,False,Date,9.0
680,Span,,9am,20,679,P,3,0,,0,0,0,False,False,False,True,1,0.6666667,0.33333334,0.0,False,True,True,False,0,False,False,False,False,False,False,False,False,False,False,False,False,StartTime,9.0
683,Span,,12pm,20,682,P,4,0,,0,0,0,False,False,False,True,1,0.5,0.5,0.0,False,True,True,False,0,False,False,False,False,False,False,False,False,False,False,False,False,EndTime,9.0
686,Span,,o'keefe complex,20,685,Span,15,0,,0,0,0,False,False,False,True,2,0.8666667,0.0,0.06666667,False,False,False,False,0,False,False,False,False,False,False,False,False,False,False,False,False,Location,9.0
687,Td,,"salem, ma",18,673,Tr,9,5,,0,0,0,False,False,False,True,2,0.7777778,0.0,0.11111111,False,False,False,False,0,False,False,False,False,False,False,False,False,False,False,False,False,Location,9.0
690,Span,,click here,20,689,A,10,0,,0,0,0,False,False,False,True,2,0.9,0.0,0.1,False,False,False,False,0,False,False,False,False,False,False,False,False,False,False,False,False,EndTime,10.0
692,Td,,berkshire community college,18,691,Tr,27,0,,0,1,0,False,False,False,True,3,0.9259259,0.0,0.074074075,False,False,False,False,0,False,False,False,False,False,False,False,False,False,False,False,False,Name,10.0
694,P,,"friday, october 17th",19,693,Td,20,0,,0,0,0,False,False,False,True,3,0.75,0.1,0.1,True,False,False,False,0,False,False,False,False,False,False,False,False,False,False,False,False,Date,10.0
696,P,,9am,19,695,Td,3,0,,0,0,0,False,False,False,True,1,0.6666667,0.33333334,0.0,False,True,True,False,0,False,False,False,False,False,False,False,False,False,False,False,False,StartTime,10.0
698,P,,11am,19,697,Td,4,0,,0,0,0,False,False,False,True,1,0.5,0.5,0.0,False,True,True,False,0,False,False,False,False,False,False,False,False,False,False,False,False,EndTime,10.0
701,Span,,paterson field house,20,700,Span,20,0,,0,0,0,False,False,False,True,3,0.9,0.0,0.1,False,False,False,False,0,False,False,False,False,False,False,False,False,False,False,False,False,Location,10.0
702,Td,,"pittsfield, ma",18,691,Tr,14,5,,0,1,0,False,False,False,True,2,0.85714287,0.0,0.071428575,False,False,False,False,0,False,False,False,False,False,False,False,False,False,False,False,False,Location,10.0
705,Span,,click here,20,704,A,10,0,,0,0,0,False,False,False,True,2,0.9,0.0,0.1,False,False,False,False,0,False,False,False,False,False,False,False,False,False,False,False,False,Other,
710,Span,,exhibitor guidelines can be found,14,709,P,33,0,,0,1,0,False,False,False,True,5,0.8787879,0.0,0.121212125,False,False,False,False,0,False,False,False,False,False,False,False,False,False,False,False,False,Other,
711,A,href:https://www.neacac.org/exhibitor-guidelines,here,14,709,P,4,1,https://www.neacac.org/exhibitor-guidelines,0,0,0,True,True,False,True,1,1.0,0.0,0.0,False,False,False,False,1,False,False,False,False,False,False,False,False,False,False,False,False,Other,
712,Span,,.,14,709,P,1,2,,0,1,0,False,False,False,True,1,0.0,0.0,0.0,False,False,False,False,0,False,False,False,False,False,False,False,False,False,False,False,False,Other,
713,P,,please email with any questions about the neacac college fairs.,13,455,Div,63,13,,1,0,0,False,False,False,False,10,0.84126985,0.0,0.14285715,False,False,False,False,0,False,False,False,False,False,False,False,False,False,False,False,False,Other,
714,A,href:mailto:admin@neacac.org,admin@neacac.org,14,713,P,16,0,mailto:admin@neacac.org,0,0,0,True,False,False,True,1,0.875,0.0,0.0,False,False,False,False,1,False,False,False,False,False,False,False,False,False,False,False,False,Other,
721,A,class:test button mc-search single-search-;-href:#,search,10,719,Div,6,1,#,0,0,0,True,False,False,True,1,1.0,0.0,0.0,False,False,False,False,2,True,False,False,False,False,False,False,False,False,False,False,False,Other,
726,A,href:login-;-id:mcsimplelogin,member login,8,725,Div,12,0,login,0,0,0,True,False,False,True,2,0.9166667,0.0,0.083333336,False,False,False,False,2,False,True,False,False,False,False,False,False,False,False,False,False,Other,
729,H3,,quick links,8,728,Div,11,0,,0,0,0,False,False,False,True,2,0.90909094,0.0,0.09090909,False,False,False,False,0,False,False,False,False,False,False,False,False,False,False,False,False,Other,
733,Span,,executive board statement on racial injustice,11,732,A,45,0,,0,0,0,False,False,False,True,6,0.8888889,0.0,0.11111111,False,False,False,False,0,False,False,False,False,False,False,False,False,False,False,False,False,Other,
736,Span,,how to become a member,11,735,A,22,0,,0,0,0,False,False,False,True,5,0.8181818,0.0,0.18181819,False,False,False,False,0,False,False,False,False,False,False,False,False,False,False,False,False,Other,
739,Span,,membership renewal information,11,738,A,30,0,,0,0,0,False,False,False,True,3,0.93333334,0.0,0.06666667,False,False,False,False,0,False,False,False,False,False,False,False,False,False,False,False,False,Other,
742,Span,,community conversations,11,741,A,23,0,,0,0,0,False,False,False,True,2,0.95652175,0.0,0.04347826,False,False,False,False,0,False,False,False,False,False,False,False,False,False,False,False,False,Other,
745,Span,,neacac history,11,744,A,14,0,,0,0,0,False,False,False,True,2,0.9285714,0.0,0.071428575,False,False,False,False,0,False,False,False,False,False,False,False,False,False,False,False,False,Other,
748,Span,,job board,11,747,A,9,0,,0,0,0,False,False,False,True,2,0.8888889,0.0,0.11111111,False,False,False,False,0,False,False,False,False,False,False,False,False,False,False,False,False,Other,
751,Span,,how to volunteer,11,750,A,16,0,,0,0,0,False,False,False,True,3,0.875,0.0,0.125,False,False,False,False,0,False,False,False,False,False,False,False,False,False,False,False,False,Other,
754,Span,,become a host site,11,753,A,18,0,,0,0,0,False,False,False,True,4,0.8333333,0.0,0.16666667,False,False,False,False,0,False,False,False,False,False,False,False,False,False,False,False,False,Other,
756,H3,,latest news,8,755,Div,11,0,,0,0,0,False,False,False,True,2,0.90909094,0.0,0.09090909,False,False,False,False,0,False,False,False,False,False,False,False,False,False,False,False,False,Other,
764,A,href:https://www.neacac.org/nominating-;-unknown:_blank,nominate neacac leadership by february 1st,11,763,Span,42,0,https://www.neacac.org/nominating,0,0,0,True,True,False,True,6,0.85714287,0.023809524,0.11904762,True,False,False,False,2,False,False,False,False,False,False,False,False,False,False,False,False,Other,
769,Span,,spring college fairs registration now open,11,768,A,42,0,,0,0,0,False,False,False,True,6,0.88095236,0.0,0.11904762,False,False,False,False,0,False,False,False,False,False,False,False,False,False,False,False,False,Other,
774,Unknown,,submit a session proposal for amc 2026,11,773,A,38,0,,0,0,0,False,False,False,True,7,0.7368421,0.10526316,0.15789473,False,False,False,True,0,False,False,False,False,False,False,False,False,False,False,False,False,Other,
778,A,href:https://neacac.memberclicks.net/winter-institute,"register for winter institute on friday, february 13th here!",11,777,Unknown,60,0,https://neacac.memberclicks.net/winter-institute,0,0,0,True,True,False,True,9,0.8,0.033333335,0.13333334,True,False,False,False,1,False,False,False,False,False,False,False,False,False,False,False,False,Other,
782,A,href:https://neacac.memberclicks.net/amc-2026-sponsorship,amc 2026 sponsorship opportunities now available!,11,781,Unknown,49,0,https://neacac.memberclicks.net/amc-2026-sponsorship,0,0,0,True,True,False,True,6,0.79591835,0.08163265,0.10204082,False,False,False,False,1,False,False,False,False,False,False,False,False,False,False,False,False,Other,
790,A,href:/faq-college-search-and-application-process-;-unknown:_self-;-title:,resources: frequently asked questions- college search and application process,11,789,Unknown,77,0,/faq-college-search-and-application-process,0,0,0,True,False,False,True,9,0.8701299,0.0,0.103896104,False,False,False,False,3,False,False,False,False,False,False,False,False,False,False,False,False,Other,
798,H3,,upcoming events,8,797,Div,15,0,,0,0,0,False,False,False,True,2,0.93333334,0.0,0.06666667,False,False,False,False,0,False,False,False,False,False,False,False,False,False,False,False,False,Other,
804,Span,class:mod_events_latest_date,"fri feb 13, 2026",13,803,Div,16,0,,0,0,0,False,False,False,True,4,0.375,0.375,0.1875,True,False,False,True,1,True,False,False,True,False,False,False,False,False,False,False,False,Other,
806,A,href:/index.php?option=com_jevents&task=icalrepeat.detail&evid=387&itemid=159&year=2026&month=02&day=13&title=winter-institute&uid=d8ea3d70dc21df1f8d25559e9a4862ca,winter institute,14,805,Span,16,0,/index.php?option=com_jevents&task=icalrepeat.detail&evid=387&itemid=159&year=2026&month=02&day=13&title=winter-institute&uid=d8ea3d70dc21df1f8d25559e9a4862ca,0,0,0,True,False,False,True,2,0.9375,0.0,0.0625,False,False,False,False,1,False,False,False,False,False,False,False,False,False,False,False,False,Other,
807,Div,class:event-list-cat,category: events,13,803,Div,16,2,,0,0,0,False,False,False,True,2,0.875,0.0,0.0625,False,False,False,False,1,True,False,False,False,False,False,False,False,False,False,False,False,Other,
811,Span,class:mod_events_latest_date,"tue mar 10, 2026",13,810,Div,16,0,,0,0,0,False,False,False,True,4,0.375,0.375,0.1875,True,False,False,True,1,True,False,False,True,False,False,False,False,False,False,False,False,Other,
813,A,href:/index.php?option=com_jevents&task=icalrepeat.detail&evid=398&itemid=159&year=2026&month=03&day=10&title=career-colloquium&uid=391dd74a90d59a1ab71d50cec02b5676,career colloquium,14,812,Span,17,0,/index.php?option=com_jevents&task=icalrepeat.detail&evid=398&itemid=159&year=2026&month=03&day=10&title=career-colloquium&uid=391dd74a90d59a1ab71d50cec02b5676,0,0,0,True,False,False,True,2,0.9411765,0.0,0.05882353,False,False,False,False,1,False,False,False,False,False,False,False,False,False,False,False,False,Other,
814,Div,class:event-list-cat,category: career colloquium,13,810,Div,27,2,,0,0,0,False,False,False,True,3,0.8888889,0.0,0.074074075,False,False,False,False,1,True,False,False,False,False,False,False,False,False,False,False,False,Other,
818,Span,class:mod_events_latest_date,"wed mar 25, 2026",13,817,Div,16,0,,0,0,0,False,False,False,True,4,0.375,0.375,0.1875,True,False,False,True,1,True,False,False,True,False,False,False,False,False,False,False,False,Other,
820,A,href:/index.php?option=com_jevents&task=icalrepeat.detail&evid=391&itemid=159&year=2026&month=03&day=25&title=neacac-college-fair-at-bishop-guertin-high-school&uid=1ef4f00c8bf3b9609d78298aa62c2180,neacac college fair at bishop guertin high school,14,819,Span,49,0,/index.php?option=com_jevents&task=icalrepeat.detail&evid=391&itemid=159&year=2026&month=03&day=25&title=neacac-college-fair-at-bishop-guertin-high-school&uid=1ef4f00c8bf3b9609d78298aa62c2180,0,0,0,True,False,False,True,8,0.85714287,0.0,0.14285715,False,False,False,False,1,False,False,False,False,False,False,False,False,False,False,False,False,Other,
821,Div,class:event-list-cat,category: spring fairs,13,817,Div,22,2,,0,0,0,False,False,False,True,3,0.8636364,0.0,0.09090909,False,False,False,False,1,True,False,False,False,False,False,False,False,False,False,False,False,Other,
823,A,href:/index.php?option=com_jevents&itemid=159&task=.,view full calendar,9,822,H6,18,0,/index.php?option=com_jevents&itemid=159&task=.,0,0,0,True,False,False,True,3,0.8888889,0.0,0.11111111,False,False,False,False,1,False,False,False,False,False,False,False,False,False,False,False,False,Other,
828,P,, new england association for college admission counseling,6,827,Div,59,0,,0,1,0,False,False,False,True,8,0.86206895,0.0,0.12068965,False,False,False,False,0,False,False,False,False,False,False,False,False,False,False,False,False,Other,
829,P,,"po box 639 feeding hills, ma 01030 | phone: 603-367-3292 | fax: 603-947-6400 please share your comments and feedback on this site:",6,827,Div,130,1,,3,1,0,False,False,False,False,22,0.54615384,0.21538462,0.16153847,False,False,False,False,0,False,False,False,False,False,False,False,False,False,False,False,False,Other,
832,A,href:mailto:%20websitefeedback@neacac.org,websitefeedback@neacac.org,7,829,P,26,2,mailto:%20websitefeedback@neacac.org,0,0,0,True,False,False,True,1,0.9230769,0.0,0.0,False,False,False,False,1,False,False,False,False,False,False,False,False,False,False,False,False,Other,
837,Span,class:icon-facebook,facebook,9,836,A,8,0,,0,0,0,False,False,False,True,1,1.0,0.0,0.0,False,False,False,False,1,True,False,False,False,False,False,False,False,False,False,False,False,Other,
840,Span,class:icon-instagram,instagram,9,839,A,9,0,,0,0,0,False,False,False,True,1,1.0,0.0,0.0,False,False,False,False,1,True,False,False,False,False,False,False,False,False,False,False,False,Other,
841,A,href:#-;-id:rtt,back to top,5,826,Div,11,2,#,1,0,0,True,False,False,False,3,0.8181818,0.0,0.18181819,False,False,False,False,2,False,True,False,False,False,False,False,False,False,False,False,False,Other,
845,A,href:http://www.memberclicks.com/-;-id:pbmc-;-title:powered by memberclicks,powered by,6,844,Div,10,0,http://www.memberclicks.com/,3,0,0,True,True,False,False,2,0.9,0.0,0.1,False,False,False,False,3,False,True,False,False,False,False,False,False,False,False,False,False,Other,
848,Span,class:mc-brand-container,memberclicks,7,845,A,12,2,,0,0,0,False,False,True,True,1,1.0,0.0,0.0,False,False,False,False,1,True,False,False,False,False,False,False,False,False,False,False,False,Other,
